Temas de investigación;Research topics
Actividades de corpus;Corpus linguistics
Análisis de contenido audiovisual;Analysis of audiovisual content
Análisis de imágenes;Image analysis
Análisis de interfaces y tecnología;Interface analysis and technology
Análisis de redes;Network Analysis
Análisis semántico;Semantic analysis
Aplicaciones y diseño para móviles;Mobile applications and design
Archivos digitales, repositorios y preservación;Digital repositories and preservation
Artes visuales;Visual Arts
Bases de datos;Databases
Bibliotecas digitales;Digital libraries
Ciencias y Técnicas Historiográficas;Historiographic Techniques
Comunicación digital;Digital communication
Crowdsourcing;Crowdsourcing
Digitalización, creación de recursos;Digitisation, creation of resources
Estilometría;Stylometry
Estudios literarios digitales;Digital Literary Studies
Geolingüística;Geo-linguistics
GLAM;GLAM
Hipertexto;Hypertexts
Historia digital;Digital History
Lingüística computacional;Computational Linguistics
Lingüística y lenguas;Linguistics and languages
Medios sociales;Social Media
Métodos bibliográficos/estudios textuales;Bibliographic methods/text studies
Minado de datos/Minado de texto;Text Mining
Modelado de datos;Data modelling
Museografía virtual;Virtual Museum
Patrimonio digital;Digital heritage
Realidad virtual y aumentada;Virtual and Augmented Reality
Recuperación de información;Information retrieval
SIG y análisis espacial;GIS and spatial analysis
Tecnologías de aprendizaje colaborativo;Collaborative learning technologies
Traducción;Translation
Videojuegos;Video games
Web semántica;Semantic Web
XML/TEI;XML/TEI